iter	AUC	Logloss	Logloss:use_weights=true	Logloss:use_weights=false	F1:use_weights=true	F1:use_weights=false
0	0.7261244655	0.6837258761	0.6837259395	0.6855722309	0.6243130419	0.3064253098
100	0.8385896683	0.5204223873	0.5204223556	0.5072244096	0.691161711	0.3322304106
200	0.8657237887	0.4899650802	0.4899650167	0.474908294	0.7297560259	0.3507598342
300	0.8830800653	0.4676974634	0.4676974951	0.4538594252	0.7543726758	0.3684783397
400	0.8966099024	0.45073192	0.4507317931	0.4383142307	0.7744877505	0.3841684822
500	0.907959044	0.4357642519	0.4357643153	0.4245244565	0.792134471	0.4017922727
